{
  "name": "core-selection",
  "private": true,
  "dependencies": {
    "polymer": "Polymer/polymer#^0.4.0"
  },
  "devDependencies": {
    "polymer-test-tools": "Polymer/polymer-test-tools#master"
  },
  "homepage": "https://github.com/Polymer/core-selection",
  "version": "0.4.2",
  "_release": "0.4.2",
  "_resolution": {
    "type": "version",
    "tag": "0.4.2",
    "commit": "1f6972988df519a1b657e2e294f1e201c02c1990"
  },
  "_source": "git://github.com/Polymer/core-selection.git",
  "_target": "^0.4.0",
  "_originalSource": "Polymer/core-selection"
}