{
  "name": "paper-icon-button",
  "private": true,
  "dependencies": {
    "polymer": "Polymer/polymer#^0.4.0",
    "core-selector": "Polymer/core-selector#^0.4.0",
    "paper-button": "Polymer/paper-button#^0.4.0"
  },
  "homepage": "https://github.com/Polymer/paper-icon-button",
  "version": "0.4.2",
  "_release": "0.4.2",
  "_resolution": {
    "type": "version",
    "tag": "0.4.2",
    "commit": "f49cafe235893e3348482cee17064ea432194ed2"
  },
  "_source": "git://github.com/Polymer/paper-icon-button.git",
  "_target": "^0.4.0",
  "_originalSource": "Polymer/paper-icon-button"
}