{
  "name": "polymer",
  "private": true,
  "dependencies": {
    "platform": "Polymer/platform#^0.4.0",
    "core-component-page": "Polymer/core-component-page#^0.4.0"
  },
  "homepage": "https://github.com/Polymer/polymer",
  "version": "0.4.2",
  "_release": "0.4.2",
  "_resolution": {
    "type": "version",
    "tag": "0.4.2",
    "commit": "90270bc3b8f1537b849ca1b1c0283a7c0691c0f7"
  },
  "_source": "git://github.com/Polymer/polymer.git",
  "_target": "^0.4.0",
  "_originalSource": "Polymer/polymer"
}